INSERT INTO `isa_mrs_project`.`users` (`u_id`, `u_fname`, `u_lname`, `u_email`, `u_image`, `u_password`, `u_type`, `u_verified`) VALUES ('1', 	'Sergio', 		'Ramos', 						'sr4@real.com', 		'images/profile.jpg', 'ramosramos', 'guest', 'verified');
INSERT INTO `isa_mrs_project`.`users` (`u_id`, `u_fname`, `u_lname`, `u_email`, `u_image`, `u_password`, `u_type`, `u_verified`) VALUES ('2', 	'Alarcon', 		'Isco', 						'ia22@real.com',		'https://pbs.twimg.com/profile_images/557812407171813376/kYVGA4t5.jpeg', 'isco', 'guest', 'verified');
INSERT INTO `isa_mrs_project`.`users` (`u_id`, `u_fname`, `u_lname`, `u_email`, `u_image`, `u_password`, `u_type`, `u_verified`) VALUES ('3', 	'Jamie', 		'Vardy', 						'jv@leicester.com',		'images/restaurant-manager.jpg', 'vardyparty', 'restaurant_manager', 'verified');
INSERT INTO `isa_mrs_project`.`users` (`u_id`, `u_fname`, `u_lname`, `u_email`, `u_image`, `u_password`, `u_type`, `u_verified`) VALUES ('4', 	'David', 		'Beckham', 						'becks@legend.com', 	'images/restaurant-provider.jpg', 'benditlikeme', 'restaurant_provider', 'verified');
INSERT INTO `isa_mrs_project`.`users` (`u_id`, `u_fname`, `u_lname`, `u_email`, `u_image`, `u_password`, `u_type`, `u_verified`) VALUES ('5', 	'Zinedine', 	'Zidane', 						'zizu@manager.com', 	'images/system-manager.jpg', 'headshot', 'system_manager', 'verified');
INSERT INTO `isa_mrs_project`.`users` (`u_id`, `u_fname`, `u_lname`, `u_email`, `u_image`, `u_password`, `u_type`, `u_verified`) VALUES ('6', 	'Hugo', 		'Vieira', 						'hugo@redstar.rs', 		'images/cook.jpg', 		'lestersiti', 'cook', 		'verified');
INSERT INTO `isa_mrs_project`.`users` (`u_id`, `u_fname`, `u_lname`, `u_email`, `u_image`, `u_password`, `u_type`, `u_verified`) VALUES ('7', 	'Damien', 		'le Tallec', 					'tallec@redstar.rs', 	'images/bartender.jpg', 'lestersiti', 'bartender', 	'verified');
INSERT INTO `isa_mrs_project`.`users` (`u_id`, `u_fname`, `u_lname`, `u_email`, `u_image`, `u_password`, `u_type`, `u_verified`) VALUES ('8', 	'Mitchell', 	'Donald', 						'md@bacovakuhinja.rs', 	'images/waiter.png', 	'lestersiti', 'waiter', 	'verified');
INSERT INTO `isa_mrs_project`.`users` (`u_id`, `u_fname`, `u_lname`, `u_email`, `u_image`, `u_password`, `u_type`, `u_verified`) VALUES ('9', 	'Nemanja', 		'Vidić', 						'nv@bacovakuhinja.rs', 	'http://www.1000goals.com/wallpapers3/nemanja_vidic.jpg', 	'lestersiti', 'guest', 		'verified');
INSERT INTO `isa_mrs_project`.`users` (`u_id`, `u_fname`, `u_lname`, `u_email`, `u_image`, `u_password`, `u_type`, `u_verified`) VALUES ('10', 	'Dejan', 		'Stanković', 					'ds@bacovakuhinja.rs', 	'http://www.svevesti.com/images/sr/256184.jpg', 	'lestersiti', 'guest',		'verified');
INSERT INTO `isa_mrs_project`.`users` (`u_id`, `u_fname`, `u_lname`, `u_email`, `u_image`, `u_password`, `u_type`, `u_verified`) VALUES ('11', 	'Ronaldo', 		'de Assis Moreira Ronaldinho', 	'rr@bacovakuhinja.rs',	'http://static2.therichestimages.com/cdn/600/600/100/c/wp-content/uploads/2011/05/ronaldinho-un-ancien-du-psg.jpg', 	'lestersiti', 'guest',		'verified');
INSERT INTO `isa_mrs_project`.`users` (`u_id`, `u_fname`, `u_lname`, `u_email`, `u_image`, `u_password`, `u_type`, `u_verified`) VALUES ('12', 	'Xabier Xabi', 	'Alonso', 						'xa@bacovakuhinja.rs', 	'http://img.uefa.com/imgml/TP/players/1/2015/324x324/54091.jpg', 	'lestersiti', 'guest', 		'verified');
INSERT INTO `isa_mrs_project`.`users` (`u_id`, `u_fname`, `u_lname`, `u_email`, `u_image`, `u_password`, `u_type`, `u_verified`) VALUES ('13', 	'Paul', 		'Scholes', 						'ps@bacovakuhinja.rs', 	'http://manutdlegends.com/wp-content/uploads/2014/06/Paul-Scholes-300x300.jpg', 	'lestersiti', 'guest', 		'verified');
INSERT INTO `isa_mrs_project`.`users` (`u_id`, `u_fname`, `u_lname`, `u_email`, `u_image`, `u_password`, `u_type`, `u_verified`) VALUES ('14', 	'Nemanja', 		'Matić', 						'nm@bacovakuhinja.rs', 	'http://thetopforward.com/uploads/0/Nemanja%20Mati%C4%87.jpg', 	'lestersiti', 'guest', 		'verified');
INSERT INTO `isa_mrs_project`.`users` (`u_id`, `u_fname`, `u_lname`, `u_email`, `u_image`, `u_password`, `u_type`, `u_verified`) VALUES ('15', 	'Fernando', 	'Torres', 						'ft@bacovakuhinja.rs', 	'http://img.uefa.com/imgml/TP/players/1/2016/324x324/58686.jpg', 	'lestersiti', 'guest', 		'verified');
INSERT INTO `isa_mrs_project`.`users` (`u_id`, `u_fname`, `u_lname`, `u_email`, `u_image`, `u_password`, `u_type`, `u_verified`) VALUES ('16', 	'Pavel', 		'Nedved', 						'pn@bacovakuhinja.rs', 	'http://www.nemzetisport.hu/data/cikk/24/85/78/cikk_248578/d00065DF6a7bf7d75b164.jpg', 	'lestersiti', 'guest', 		'verified');
INSERT INTO `isa_mrs_project`.`users` (`u_id`, `u_fname`, `u_lname`, `u_email`, `u_image`, `u_password`, `u_type`, `u_verified`) VALUES ('17', 	'Andrea', 		'Pirlo', 						'ap@bacovakuhinja.rs', 	'http://a5.files.biography.com/image/upload/c_fill,cs_srgb,dpr_1.0,g_face,h_300,q_80,w_300/MTE1ODA0OTcyMDcyOTI4Nzgx.jpg', 	'lestersiti', 'guest', 		'verified');
INSERT INTO `isa_mrs_project`.`users` (`u_id`, `u_fname`, `u_lname`, `u_email`, `u_image`, `u_password`, `u_type`, `u_verified`) VALUES ('18', 	'Paul', 		'Pogba',						'pp@bacovakuhinja.rs', 	'http://img.uefa.com/imgml/TP/players/1/2016/324x324/250015808.jpg', 	'lestersiti', 'guest', 		'verified');
INSERT INTO `isa_mrs_project`.`users` (`u_id`, `u_fname`, `u_lname`, `u_email`, `u_image`, `u_password`, `u_type`, `u_verified`) VALUES ('19', 	'Edwin', 		'van der Sar', 					'es@bacovakuhinja.rs', 	'http://www.nadlanu.com/upload/thumbs/archive/Uploads/Logos/Beta-News/20101008_298-ItemID-181023-lrg_670x0.jpg', 	'lestersiti', 'guest', 		'verified');
INSERT INTO `isa_mrs_project`.`users` (`u_id`, `u_fname`, `u_lname`, `u_email`, `u_image`, `u_password`, `u_type`, `u_verified`) VALUES ('20', 	'Boban', 		'Bajković', 					'bb@bacovakuhinja.rs', 	'http://www.utakmica.rs/images/fudbaleri/28-bajkovic-boban.png', 	'lestersiti', 'guest', 		'verified');

INSERT INTO `isa_mrs_project`.`sys_managers` (`sm_id`, `sm_info`) VALUES ('5', 'Zidane biography.');

INSERT INTO `isa_mrs_project`.`restaurants` (`r_id`, `r_name`, `r_info`, `r_type`, `r_time_start`, `r_time_end`,  `r_sm_id`, `r_address`) VALUES ('1', 'Macchiato', 'Macchiato Liman vama na usluzi. Najlepši pogled na Limanski park u gradu xD.', 'Custom', '6', '23', '5', 'Narodnog Fronta 21');
INSERT INTO `isa_mrs_project`.`restaurants` (`r_id`, `r_name`, `r_info`, `r_type`, `r_time_start`, `r_time_end`,  `r_sm_id`, `r_address`) VALUES ('2', 'Orfei', 'Restoran Orfei vama na usluzi.', 'Orfei ima baštu. Dođite u baštu.', '7', '21', '5', 'Narodnog Fronta 21');
INSERT INTO `isa_mrs_project`.`restaurants` (`r_id`, `r_name`, `r_info`, `r_type`, `r_time_start`, `r_time_end`,  `r_sm_id`, `r_address`) VALUES ('3', 'Mašinac', 'Studenti na prvom mestu.', 'Studentski, studentski...', '6', '18', '5', 'Narodnog Fronta 21');
INSERT INTO `isa_mrs_project`.`restaurants` (`r_id`, `r_name`, `r_info`, `r_type`, `r_time_start`, `r_time_end`,  `r_sm_id`, `r_address`) VALUES ('4', 'Bacova kuhinja', 'Macchiato Liman vama na usluzi. Najlepši pogled na Limanski park u gradu xD.', 'Custom', '6', '23', '5', 'Narodnog Fronta 21');
INSERT INTO `isa_mrs_project`.`restaurants` (`r_id`, `r_name`, `r_info`, `r_type`, `r_time_start`, `r_time_end`,  `r_sm_id`, `r_address`) VALUES ('5', 'OSSA', 'Restoran Orfei vama na usluzi.', 'Orfei ima baštu. Dođite u baštu.', '7', '21', '5', 'Narodnog Fronta 21');
INSERT INTO `isa_mrs_project`.`restaurants` (`r_id`, `r_name`, `r_info`, `r_type`, `r_time_start`, `r_time_end`,  `r_sm_id`, `r_address`) VALUES ('6', 'Nevermind', 'Studenti na prvom mestu.', 'Studentski, studentski...', '6', '18', '5', 'Narodnog Fronta 21');

INSERT INTO `isa_mrs_project`.`guests` (`g_id`, `g_info`) VALUES ('1', 	'Ramos biography.');
INSERT INTO `isa_mrs_project`.`guests` (`g_id`, `g_info`) VALUES ('2', 	'Isco biography.');
INSERT INTO `isa_mrs_project`.`guests` (`g_id`, `g_info`) VALUES ('9', 	'Some biography.');
INSERT INTO `isa_mrs_project`.`guests` (`g_id`, `g_info`) VALUES ('10', 'Some biography.');
INSERT INTO `isa_mrs_project`.`guests` (`g_id`, `g_info`) VALUES ('11', 'Some biography.');
INSERT INTO `isa_mrs_project`.`guests` (`g_id`, `g_info`) VALUES ('12', 'Some biography.');
INSERT INTO `isa_mrs_project`.`guests` (`g_id`, `g_info`) VALUES ('13', 'Some biography.');
INSERT INTO `isa_mrs_project`.`guests` (`g_id`, `g_info`) VALUES ('14', 'Some biography.');
INSERT INTO `isa_mrs_project`.`guests` (`g_id`, `g_info`) VALUES ('15', 'Some biography.');
INSERT INTO `isa_mrs_project`.`guests` (`g_id`, `g_info`) VALUES ('16', 'Some biography.');
INSERT INTO `isa_mrs_project`.`guests` (`g_id`, `g_info`) VALUES ('17', 'Some biography.');
INSERT INTO `isa_mrs_project`.`guests` (`g_id`, `g_info`) VALUES ('18', 'Some biography.');
INSERT INTO `isa_mrs_project`.`guests` (`g_id`, `g_info`) VALUES ('19', 'Some biography.');
INSERT INTO `isa_mrs_project`.`guests` (`g_id`, `g_info`) VALUES ('20', 'Some biography.');

INSERT INTO `isa_mrs_project`.`restaurant_managers` (`rm_id`, `rm_info`, `rm_restaurant_id`) VALUES ('3', 'Vardy biography.', '2');
INSERT INTO `isa_mrs_project`.`restaurant_providers` (`rp_id`, `rp_info`) VALUES ('4', 'Becks biography.');


INSERT INTO `isa_mrs_project`.`employees` (`e_id`, `e_bday`, `e_dress_size`, `e_shoes_size`, `e_restaurant`) VALUES ('6', '1988-06-15', 'L', '42b', '2');
INSERT INTO `isa_mrs_project`.`employees` (`e_id`, `e_bday`, `e_dress_size`, `e_shoes_size`, `e_restaurant`) VALUES ('7', '1988-07-15', 'XXL', '43b', '2');
INSERT INTO `isa_mrs_project`.`employees` (`e_id`, `e_bday`, `e_dress_size`, `e_shoes_size`, `e_restaurant`) VALUES ('8', '1988-08-15', 'M', '44b', '2');

INSERT INTO `isa_mrs_project`.`cooks` (`c_id`) VALUES ('6');
INSERT INTO `isa_mrs_project`.`bartenders` (`b_id`) VALUES ('7');
INSERT INTO `isa_mrs_project`.`waiters` (`w_id`) VALUES ('8');

INSERT INTO `isa_mrs_project`.`food` (`f_id`, `f_info`, `f_name`, `f_price`, `f_type`, `f_image`, `f_restaurant_id`) VALUES ('1', 'Ukusno.', 'Kolač s borovnicom.', '150', 'f_dessert', 'images/meals/borovnica.jpg', '1');
INSERT INTO `isa_mrs_project`.`food` (`f_id`, `f_info`, `f_name`, `f_price`, `f_type`, `f_image`, `f_restaurant_id`) VALUES ('2', 'Ukusno', 'Štrudla s makom.', '235', 'f_dessert', 'images/meals/mak.jpg', '1');
INSERT INTO `isa_mrs_project`.`food` (`f_id`, `f_info`, `f_name`, `f_price`, `f_type`, `f_image`, `f_restaurant_id`) VALUES ('3', 'Ukusno.', 'Kolač s borovnicom.', '150', 'f_dessert', 'images/meals/borovnica.jpg', '2');
INSERT INTO `isa_mrs_project`.`food` (`f_id`, `f_info`, `f_name`, `f_price`, `f_type`, `f_image`, `f_restaurant_id`) VALUES ('4', 'Ukusno.', 'Kolač s borovnicom.', '150', 'f_dessert', 'images/meals/borovnica.jpg', '3');

INSERT INTO `isa_mrs_project`.`drinks` (`d_id`, `d_info`, `d_name`, `d_price`, `d_type`, `d_image`, `d_restaurant_id`) VALUES ('1', 'Opis ovog pića.', 'Cosmopolitan', '350', 'd_alcoholic', 'images/meals/cosmopolitan.jpg', '1');
INSERT INTO `isa_mrs_project`.`drinks` (`d_id`, `d_info`, `d_name`, `d_price`, `d_type`, `d_image`, `d_restaurant_id`) VALUES ('2', 'Opis ovog pića.', 'Cosmopolitan', '350', 'd_alcoholic', 'images/meals/cosmopolitan.jpg', '2');
INSERT INTO `isa_mrs_project`.`drinks` (`d_id`, `d_info`, `d_name`, `d_price`, `d_type`, `d_image`, `d_restaurant_id`) VALUES ('3', 'Opis ovog pića.', 'Cosmopolitan', '350', 'd_alcoholic', 'images/meals/cosmopolitan.jpg', '3');

INSERT INTO `isa_mrs_project`.`restaurant_regions` (`rr_id`, `rr_name`, `rr_color`, `rr_restaurant_id`, `rr_region_no`) VALUES ('1', 'basta', '#283593', '2', '1');
INSERT INTO `isa_mrs_project`.`restaurant_regions` (`rr_id`, `rr_name`, `rr_color`, `rr_restaurant_id`, `rr_region_no`) VALUES ('2', 'prostorija_1', '#00695C', '2', '2');

INSERT INTO `isa_mrs_project`.`restaurant_tables` (`rt_id`, `rt_datax`, `rt_datay`, `rt_width`, `rt_height`, `rt_positions`, `rt_region_id`, `rt_table_in_restaurant_no`) VALUES ('1', '60', '50', '40', '130', '4', '1', '1');
INSERT INTO `isa_mrs_project`.`restaurant_tables` (`rt_id`, `rt_datax`, `rt_datay`, `rt_width`, `rt_height`, `rt_positions`, `rt_region_id`, `rt_table_in_restaurant_no`) VALUES ('2', '220', '50', '90', '70', '4', '1', '2');
INSERT INTO `isa_mrs_project`.`restaurant_tables` (`rt_id`, `rt_datax`, `rt_datay`, `rt_width`, `rt_height`, `rt_positions`, `rt_region_id`, `rt_table_in_restaurant_no`) VALUES ('3', '330', '110', '160', '80', '6', '1', '3');
INSERT INTO `isa_mrs_project`.`restaurant_tables` (`rt_id`, `rt_datax`, `rt_datay`, `rt_width`, `rt_height`, `rt_positions`, `rt_region_id`, `rt_table_in_restaurant_no`) VALUES ('4', '150', '380', '40', '40', '2', '1', '4');
INSERT INTO `isa_mrs_project`.`restaurant_tables` (`rt_id`, `rt_datax`, `rt_datay`, `rt_width`, `rt_height`, `rt_positions`, `rt_region_id`, `rt_table_in_restaurant_no`) VALUES ('5', '380', '520', '40', '40', '2', '2', '5');
INSERT INTO `isa_mrs_project`.`restaurant_tables` (`rt_id`, `rt_datax`, `rt_datay`, `rt_width`, `rt_height`, `rt_positions`, `rt_region_id`, `rt_table_in_restaurant_no`) VALUES ('6', '500', '520', '40', '40', '2', '2', '6');

INSERT INTO `isa_mrs_project`.`reservations` (`rs_id`, `rs_duration`, `rs_length`) VALUES ('1', '2014-04-02 08:49:43', '5');

INSERT INTO `isa_mrs_project`.`reviews` (`rv_id`, `rv_info`, `rv_food_rate`, `rv_service_rate`, `rv_restaurant_rate`, `rv_guest_id`, `rv_reservation_id`) VALUES ('1', 'Neki komentar...', '4', '3', '3', '1', '1');
INSERT INTO `isa_mrs_project`.`reviews` (`rv_id`, `rv_info`, `rv_food_rate`, `rv_service_rate`, `rv_restaurant_rate`, `rv_guest_id`, `rv_reservation_id`) VALUES ('2', 'Drugi komentar...', '4', '3', '3', '1', '1');
INSERT INTO `isa_mrs_project`.`reviews` (`rv_id`, `rv_info`, `rv_food_rate`, `rv_service_rate`, `rv_restaurant_rate`, `rv_guest_id`, `rv_reservation_id`) VALUES ('3', 'Treci komentar...', '4', '3', '5', '1', '1');
