INSERT INTO `isa_mrs_project`.`users` (`u_id`, `u_fname`, `u_lname`, `u_email`, `u_image`, `u_password`, `u_type`, `u_verified`) VALUES ('1', 	'Sergio', 		'Ramos', 						'sr4@real.com', 		'images/profile.jpg', 'ramosramos', 'guest', 'verified');
INSERT INTO `isa_mrs_project`.`users` (`u_id`, `u_fname`, `u_lname`, `u_email`, `u_image`, `u_password`, `u_type`, `u_verified`) VALUES ('2', 	'Alarcon', 		'Isco', 						'ia22@real.com',		'https://pbs.twimg.com/profile_images/557812407171813376/kYVGA4t5.jpeg', 'isco', 'guest', 'verified');
INSERT INTO `isa_mrs_project`.`users` (`u_id`, `u_fname`, `u_lname`, `u_email`, `u_image`, `u_password`, `u_type`, `u_verified`) VALUES ('3', 	'Jamie', 		'Vardy', 						'jv@leicester.com',		'images/restaurant-manager.jpg', 'vardyparty', 'restaurant_manager', 'verified');
INSERT INTO `isa_mrs_project`.`users` (`u_id`, `u_fname`, `u_lname`, `u_email`, `u_image`, `u_password`, `u_type`, `u_verified`) VALUES ('4', 	'David', 		'Beckham', 						'becks@legend.com', 	'images/restaurant-provider.jpg', 'benditlikeme', 'restaurant_provider', 'verified');
INSERT INTO `isa_mrs_project`.`users` (`u_id`, `u_fname`, `u_lname`, `u_email`, `u_image`, `u_password`, `u_type`, `u_verified`) VALUES ('5', 	'Zinedine', 	'Zidane', 						'zizu@manager.com', 	'images/system-manager.jpg', 'headshot', 'system_manager', 'verified');
INSERT INTO `isa_mrs_project`.`users` (`u_id`, `u_fname`, `u_lname`, `u_email`, `u_image`, `u_password`, `u_type`, `u_verified`) VALUES ('6', 	'Hugo', 		'Vieira', 						'hugo@redstar.rs', 		'images/cook.jpg', 		'lestersiti', 'cook', 		'verified');
INSERT INTO `isa_mrs_project`.`users` (`u_id`, `u_fname`, `u_lname`, `u_email`, `u_image`, `u_password`, `u_type`, `u_verified`) VALUES ('7', 	'Damien', 		'le Tallec', 					'tallec@redstar.rs', 	'images/bartender.jpg', 'lestersiti', 'bartender', 	'verified');
INSERT INTO `isa_mrs_project`.`users` (`u_id`, `u_fname`, `u_lname`, `u_email`, `u_image`, `u_password`, `u_type`, `u_verified`) VALUES ('8', 	'Mitchell', 	'Donald', 						'md@bacovakuhinja.rs', 	'images/waiter.png', 	'lestersiti', 'waiter', 	'verified');
INSERT INTO `isa_mrs_project`.`users` (`u_id`, `u_fname`, `u_lname`, `u_email`, `u_image`, `u_password`, `u_type`, `u_verified`) VALUES ('9', 	'Nemanja', 		'Vidić', 						'nv@bacovakuhinja.rs', 	'http://www.1000goals.com/wallpapers3/nemanja_vidic.jpg', 	'lestersiti', 'guest', 		'verified');
INSERT INTO `isa_mrs_project`.`users` (`u_id`, `u_fname`, `u_lname`, `u_email`, `u_image`, `u_password`, `u_type`, `u_verified`) VALUES ('10', 	'Dejan', 		'Stanković', 					'ds@bacovakuhinja.rs', 	'http://www.svevesti.com/images/sr/256184.jpg', 	'lestersiti', 'guest',		'verified');
INSERT INTO `isa_mrs_project`.`users` (`u_id`, `u_fname`, `u_lname`, `u_email`, `u_image`, `u_password`, `u_type`, `u_verified`) VALUES ('11', 	'Ronaldo', 		'de Assis Moreira Ronaldinho', 	'rr@bacovakuhinja.rs',	'http://static2.therichestimages.com/cdn/600/600/100/c/wp-content/uploads/2011/05/ronaldinho-un-ancien-du-psg.jpg', 	'lestersiti', 'guest',		'verified');
INSERT INTO `isa_mrs_project`.`users` (`u_id`, `u_fname`, `u_lname`, `u_email`, `u_image`, `u_password`, `u_type`, `u_verified`) VALUES ('12', 	'Xabier Xabi', 	'Alonso', 						'xa@bacovakuhinja.rs', 	'http://img.uefa.com/imgml/TP/players/1/2015/324x324/54091.jpg', 	'lestersiti', 'guest', 		'verified');
INSERT INTO `isa_mrs_project`.`users` (`u_id`, `u_fname`, `u_lname`, `u_email`, `u_image`, `u_password`, `u_type`, `u_verified`) VALUES ('13', 	'Paul', 		'Scholes', 						'ps@bacovakuhinja.rs', 	'http://manutdlegends.com/wp-content/uploads/2014/06/Paul-Scholes-300x300.jpg', 	'lestersiti', 'guest', 		'verified');
INSERT INTO `isa_mrs_project`.`users` (`u_id`, `u_fname`, `u_lname`, `u_email`, `u_image`, `u_password`, `u_type`, `u_verified`) VALUES ('14', 	'Nemanja', 		'Matić', 						'nm@bacovakuhinja.rs', 	'http://thetopforward.com/uploads/0/Nemanja%20Mati%C4%87.jpg', 	'lestersiti', 'guest', 		'verified');
INSERT INTO `isa_mrs_project`.`users` (`u_id`, `u_fname`, `u_lname`, `u_email`, `u_image`, `u_password`, `u_type`, `u_verified`) VALUES ('15', 	'Fernando', 	'Torres', 						'ft@bacovakuhinja.rs', 	'http://img.uefa.com/imgml/TP/players/1/2016/324x324/58686.jpg', 	'lestersiti', 'guest', 		'verified');
INSERT INTO `isa_mrs_project`.`users` (`u_id`, `u_fname`, `u_lname`, `u_email`, `u_image`, `u_password`, `u_type`, `u_verified`) VALUES ('16', 	'Pavel', 		'Nedved', 						'pn@bacovakuhinja.rs', 	'http://www.nemzetisport.hu/data/cikk/24/85/78/cikk_248578/d00065DF6a7bf7d75b164.jpg', 	'lestersiti', 'guest', 		'verified');
INSERT INTO `isa_mrs_project`.`users` (`u_id`, `u_fname`, `u_lname`, `u_email`, `u_image`, `u_password`, `u_type`, `u_verified`) VALUES ('17', 	'Andrea', 		'Pirlo', 						'ap@bacovakuhinja.rs', 	'http://a5.files.biography.com/image/upload/c_fill,cs_srgb,dpr_1.0,g_face,h_300,q_80,w_300/MTE1ODA0OTcyMDcyOTI4Nzgx.jpg', 	'lestersiti', 'guest', 		'verified');
INSERT INTO `isa_mrs_project`.`users` (`u_id`, `u_fname`, `u_lname`, `u_email`, `u_image`, `u_password`, `u_type`, `u_verified`) VALUES ('18', 	'Paul', 		'Pogba',						'pp@bacovakuhinja.rs', 	'http://img.uefa.com/imgml/TP/players/1/2016/324x324/250015808.jpg', 	'lestersiti', 'guest', 		'verified');
INSERT INTO `isa_mrs_project`.`users` (`u_id`, `u_fname`, `u_lname`, `u_email`, `u_image`, `u_password`, `u_type`, `u_verified`) VALUES ('19', 	'Edwin', 		'van der Sar', 					'es@bacovakuhinja.rs', 	'http://www.nadlanu.com/upload/thumbs/archive/Uploads/Logos/Beta-News/20101008_298-ItemID-181023-lrg_670x0.jpg', 	'lestersiti', 'guest', 		'verified');
INSERT INTO `isa_mrs_project`.`users` (`u_id`, `u_fname`, `u_lname`, `u_email`, `u_image`, `u_password`, `u_type`, `u_verified`) VALUES ('20', 	'Boban', 		'Bajković', 					'bb@bacovakuhinja.rs', 	'http://www.utakmica.rs/images/fudbaleri/28-bajkovic-boban.png', 	'lestersiti', 'guest', 		'verified');
INSERT INTO `isa_mrs_project`.`users` (`u_id`, `u_fname`, `u_lname`, `u_email`, `u_image`, `u_password`, `u_type`, `u_verified`) VALUES ('21', 	'Boban', 		'Bajković', 					'bar@bacovakuhinja.rs', 	'http://www.utakmica.rs/images/fudbaleri/28-bajkovic-boban.png', 	'lestersiti', 'bartender', 		'verified');
INSERT INTO `isa_mrs_project`.`users` (`u_id`, `u_fname`, `u_lname`, `u_email`, `u_image`, `u_password`, `u_type`, `u_verified`) VALUES ('22', 	'Paul', 		'Pogba',						'ppc@bacovakuhinja.rs', 	'http://img.uefa.com/imgml/TP/players/1/2016/324x324/250015808.jpg', 	'lestersiti', 'cook', 		'verified');
#providers
INSERT INTO `isa_mrs_project`.`users` (`u_id`, `u_fname`, `u_lname`, `u_email`, `u_image`, `u_password`, `u_type`, `u_verified`) VALUES ('23', 	'Jose', 		'Mourinho', 					'st.keky@gmail.com', 	'images/restaurant-provider.jpg', 'lestersiti', 'restaurant_provider', 'verified');
INSERT INTO `isa_mrs_project`.`users` (`u_id`, `u_fname`, `u_lname`, `u_email`, `u_image`, `u_password`, `u_type`, `u_verified`) VALUES ('24', 	'Sir Alex', 	'Ferguson', 					'st.keky+1@gmail.com', 	'images/restaurant-provider.jpg', 'lestersiti', 'restaurant_provider', 'verified');
INSERT INTO `isa_mrs_project`.`users` (`u_id`, `u_fname`, `u_lname`, `u_email`, `u_image`, `u_password`, `u_type`, `u_verified`) VALUES ('25', 	'Claudio', 		'Ranieri', 						'st.keky+2@gmail.com', 	'images/restaurant-provider.jpg', 'lestersiti', 'restaurant_provider', 'verified');

INSERT INTO `isa_mrs_project`.`sys_managers` (`sm_id`, `sm_info`) VALUES ('5', 'Zidane biography.');

INSERT INTO `isa_mrs_project`.`restaurants` (`r_id`, `r_name`, `r_info`, `r_type`, `r_time_start`, `r_time_end`,  `r_sm_id`, `r_address`) VALUES ('1', 'Macchiato', 'Macchiato Liman vama na usluzi. Najlepši pogled na Limanski park u gradu xD.', 'Custom', '6', '23', '5', 'Narodnog Fronta 21');
INSERT INTO `isa_mrs_project`.`restaurants` (`r_id`, `r_name`, `r_info`, `r_type`, `r_time_start`, `r_time_end`,  `r_sm_id`, `r_address`) VALUES ('2', 'Orfei', 'Restoran Orfei vama na usluzi.', 'Orfei ima baštu. Dođite u baštu.', '7', '21', '5', 'Narodnog Fronta 21');
INSERT INTO `isa_mrs_project`.`restaurants` (`r_id`, `r_name`, `r_info`, `r_type`, `r_time_start`, `r_time_end`,  `r_sm_id`, `r_address`) VALUES ('3', 'Mašinac', 'Studenti na prvom mestu.', 'Studentski, studentski...', '6', '18', '5', 'Narodnog Fronta 21');
INSERT INTO `isa_mrs_project`.`restaurants` (`r_id`, `r_name`, `r_info`, `r_type`, `r_time_start`, `r_time_end`,  `r_sm_id`, `r_address`) VALUES ('4', 'Bacova kuhinja', 'Macchiato Liman vama na usluzi. Najlepši pogled na Limanski park u gradu xD.', 'Custom', '6', '23', '5', 'Narodnog Fronta 21');
INSERT INTO `isa_mrs_project`.`restaurants` (`r_id`, `r_name`, `r_info`, `r_type`, `r_time_start`, `r_time_end`,  `r_sm_id`, `r_address`) VALUES ('5', 'OSSA', 'Restoran Orfei vama na usluzi.', 'Orfei ima baštu. Dođite u baštu.', '7', '21', '5', 'Narodnog Fronta 21');
INSERT INTO `isa_mrs_project`.`restaurants` (`r_id`, `r_name`, `r_info`, `r_type`, `r_time_start`, `r_time_end`,  `r_sm_id`, `r_address`) VALUES ('6', 'Nevermind', 'Studenti na prvom mestu.', 'Studentski, studentski...', '6', '18', '5', 'Narodnog Fronta 21');

INSERT INTO `isa_mrs_project`.`working_times` (`wt_id`, `wt_reg_start_h`, `wt_reg_start_m`, `wt_reg_end_h`, `wt_reg_end_m`, `wt_sat_start_h`, `wt_sat_start_m`, `wt_sat_end_h`, `wt_sat_end_m`, `wt_sun_start_h`, `wt_sun_start_m`, `wt_sun_end_h`, `wt_sun_end_m`, `wt_working_on_sat`, `wt_working_on_sun`, `wt_reg_reversed`, `wt_sat_reversed`, `wt_sun_reversed`, `wt_restaurant_id`) VALUES ('1', '7', '0', '21', '0', '8', '30', '22', '30', '9', '0', '23', '0', '1', '1', '0', '0', '0', '1');
INSERT INTO `isa_mrs_project`.`working_times` (`wt_id`, `wt_reg_start_h`, `wt_reg_start_m`, `wt_reg_end_h`, `wt_reg_end_m`, `wt_sat_start_h`, `wt_sat_start_m`, `wt_sat_end_h`, `wt_sat_end_m`, `wt_sun_start_h`, `wt_sun_start_m`, `wt_sun_end_h`, `wt_sun_end_m`, `wt_working_on_sat`, `wt_working_on_sun`, `wt_reg_reversed`, `wt_sat_reversed`, `wt_sun_reversed`, `wt_restaurant_id`) VALUES ('2', '7', '0', '22', '30', '9', '0', '21', '0', '23', '0', '5', '0', '1', '1', '0', '0', '1', '2');
INSERT INTO `isa_mrs_project`.`working_times` (`wt_id`, `wt_reg_start_h`, `wt_reg_start_m`, `wt_reg_end_h`, `wt_reg_end_m`, `wt_working_on_sat`, `wt_working_on_sun`, `wt_reg_reversed`, `wt_restaurant_id`) VALUES ('3', '7', '30', '21', '30', '0', '0', '0', '3');

INSERT INTO `isa_mrs_project`.`shift_templates` (`sh_id`, `sh_name`, `sh_start_h`, `sh_start_m`, `sh_end_h`, `sh_end_m`, `sh_restaurant_id`) VALUES ('1', 'Prva smena', '7', '0', '14', '0', '2');
INSERT INTO `isa_mrs_project`.`shift_templates` (`sh_id`, `sh_name`, `sh_start_h`, `sh_start_m`, `sh_end_h`, `sh_end_m`, `sh_restaurant_id`) VALUES ('2', 'Druga smena', '14', '0', '21', '0', '2');

INSERT INTO `isa_mrs_project`.`guests` (`g_id`, `g_info`) VALUES ('1', 	'Ramos biography.');
INSERT INTO `isa_mrs_project`.`guests` (`g_id`, `g_info`) VALUES ('2', 	'Isco biography.');
INSERT INTO `isa_mrs_project`.`guests` (`g_id`, `g_info`) VALUES ('9', 	'Some biography.');
INSERT INTO `isa_mrs_project`.`guests` (`g_id`, `g_info`) VALUES ('10', 'Some biography.');
INSERT INTO `isa_mrs_project`.`guests` (`g_id`, `g_info`) VALUES ('11', 'Some biography.');
INSERT INTO `isa_mrs_project`.`guests` (`g_id`, `g_info`) VALUES ('12', 'Some biography.');
INSERT INTO `isa_mrs_project`.`guests` (`g_id`, `g_info`) VALUES ('13', 'Some biography.');
INSERT INTO `isa_mrs_project`.`guests` (`g_id`, `g_info`) VALUES ('14', 'Some biography.');
INSERT INTO `isa_mrs_project`.`guests` (`g_id`, `g_info`) VALUES ('15', 'Some biography.');
INSERT INTO `isa_mrs_project`.`guests` (`g_id`, `g_info`) VALUES ('16', 'Some biography.');
INSERT INTO `isa_mrs_project`.`guests` (`g_id`, `g_info`) VALUES ('17', 'Some biography.');
INSERT INTO `isa_mrs_project`.`guests` (`g_id`, `g_info`) VALUES ('18', 'Some biography.');
INSERT INTO `isa_mrs_project`.`guests` (`g_id`, `g_info`) VALUES ('19', 'Some biography.');
INSERT INTO `isa_mrs_project`.`guests` (`g_id`, `g_info`) VALUES ('20', 'Some biography.');


INSERT INTO `isa_mrs_project`.`restaurant_managers` (`rm_id`, `rm_info`, `rm_restaurant_id`) VALUES ('3', 'Vardy biography.', '2');
INSERT INTO `isa_mrs_project`.`restaurant_providers` (`rp_id`, `rp_info`) VALUES ('4', 'Becks biography.');
INSERT INTO `isa_mrs_project`.`restaurant_providers` (`rp_id`, `rp_info`) VALUES ('23', 'Mourinho biography.');
INSERT INTO `isa_mrs_project`.`restaurant_providers` (`rp_id`, `rp_info`) VALUES ('24', 'Sir Alex biography.');
INSERT INTO `isa_mrs_project`.`restaurant_providers` (`rp_id`, `rp_info`) VALUES ('25', 'Ranieri biography.');

INSERT INTO `isa_mrs_project`.`employees` (`e_id`, `e_bday`, `e_dress_size`, `e_shoes_size`, `e_restaurant`) VALUES ('6', '1988-06-15', 'L', '42b', '2');
INSERT INTO `isa_mrs_project`.`employees` (`e_id`, `e_bday`, `e_dress_size`, `e_shoes_size`, `e_restaurant`) VALUES ('7', '1988-07-15', 'XXL', '43b', '2');
INSERT INTO `isa_mrs_project`.`employees` (`e_id`, `e_bday`, `e_dress_size`, `e_shoes_size`, `e_restaurant`) VALUES ('8', '1988-08-15', 'M', '44b', '2');
INSERT INTO `isa_mrs_project`.`employees` (`e_id`, `e_bday`, `e_dress_size`, `e_shoes_size`, `e_restaurant`) VALUES ('21', '1988-08-15', 'M', '44b', '1');
INSERT INTO `isa_mrs_project`.`employees` (`e_id`, `e_bday`, `e_dress_size`, `e_shoes_size`, `e_restaurant`) VALUES ('22', '1988-08-15', 'M', '44b', '2');


INSERT INTO `isa_mrs_project`.`cooks` (`c_id`) VALUES ('6');
INSERT INTO `isa_mrs_project`.`bartenders` (`b_id`) VALUES ('7');
INSERT INTO `isa_mrs_project`.`waiters` (`w_id`) VALUES ('8');
INSERT INTO `isa_mrs_project`.`cooks` (`c_id`) VALUES ('22');
INSERT INTO `isa_mrs_project`.`bartenders` (`b_id`) VALUES ('21');


INSERT INTO `isa_mrs_project`.`menu_items` (`mi_id`, `mi_info`, `mi_name`, `mi_price`, `mi_type`, `mi_image`, `mi_restaurant_id`, `mi_spec_type`) VALUES ('1', 'Ukusno.', 'Kolač s borovnicom.', '150', 'food', 'images/meals/borovnica.jpg', '1', 'desert');
INSERT INTO `isa_mrs_project`.`menu_items` (`mi_id`, `mi_info`, `mi_name`, `mi_price`, `mi_type`, `mi_image`, `mi_restaurant_id`, `mi_spec_type`) VALUES ('2', 'Ukusno', 'Štrudla s makom.', '235', 'food', 'images/meals/mak.jpg', '1', 'desert');
INSERT INTO `isa_mrs_project`.`menu_items` (`mi_id`, `mi_info`, `mi_name`, `mi_price`, `mi_type`, `mi_image`, `mi_restaurant_id`, `mi_spec_type`) VALUES ('3', 'Ukusno.', 'Kolač s borovnicom.', '150', 'food', 'images/meals/borovnica.jpg', '2', 'desert');
INSERT INTO `isa_mrs_project`.`menu_items` (`mi_id`, `mi_info`, `mi_name`, `mi_price`, `mi_type`, `mi_image`, `mi_restaurant_id`, `mi_spec_type`) VALUES ('4', 'Ukusno.', 'Kolač s borovnicom.', '150', 'food', 'images/meals/borovnica.jpg', '3', 'desert');

INSERT INTO `isa_mrs_project`.`menu_items` (`mi_id`, `mi_info`, `mi_name`, `mi_price`, `mi_type`, `mi_image`, `mi_restaurant_id`, `mi_spec_type`) VALUES ('5', 'Opis ovog pića.', 'Cosmopolitan', '350', 'drink', 'images/meals/cosmopolitan.jpg', '1', 'cocktail');
INSERT INTO `isa_mrs_project`.`menu_items` (`mi_id`, `mi_info`, `mi_name`, `mi_price`, `mi_type`, `mi_image`, `mi_restaurant_id`, `mi_spec_type`) VALUES ('6', 'Opis ovog pića.', 'Cosmopolitan', '350', 'drink', 'images/meals/cosmopolitan.jpg', '2', 'cocktail');
INSERT INTO `isa_mrs_project`.`menu_items` (`mi_id`, `mi_info`, `mi_name`, `mi_price`, `mi_type`, `mi_image`, `mi_restaurant_id`, `mi_spec_type`) VALUES ('7', 'Opis ovog pića.', 'Cosmopolitan', '350', 'drink', 'images/meals/cosmopolitan.jpg', '3', 'cocktail');

INSERT INTO `isa_mrs_project`.`restaurant_regions` (`rr_id`, `rr_name`, `rr_color`, `rr_restaurant_id`, `rr_region_no`) VALUES ('1', 'basta', '#283593', '2', '1');
INSERT INTO `isa_mrs_project`.`restaurant_regions` (`rr_id`, `rr_name`, `rr_color`, `rr_restaurant_id`, `rr_region_no`) VALUES ('2', 'prostorija_1', '#00695C', '2', '2');

INSERT INTO `isa_mrs_project`.`restaurant_tables` (`rt_id`, `rt_datax`, `rt_datay`, `rt_width`, `rt_height`, `rt_positions`, `rt_region_id`, `rt_table_in_restaurant_no`) VALUES ('1', '7', '4', '10', '10', '4', '1', '1');
INSERT INTO `isa_mrs_project`.`restaurant_tables` (`rt_id`, `rt_datax`, `rt_datay`, `rt_width`, `rt_height`, `rt_positions`, `rt_region_id`, `rt_table_in_restaurant_no`) VALUES ('2', '10', '20', '5', '5', '4', '1', '2');
INSERT INTO `isa_mrs_project`.`restaurant_tables` (`rt_id`, `rt_datax`, `rt_datay`, `rt_width`, `rt_height`, `rt_positions`, `rt_region_id`, `rt_table_in_restaurant_no`) VALUES ('3', '10', '30', '10', '10', '6', '1', '3');
INSERT INTO `isa_mrs_project`.`restaurant_tables` (`rt_id`, `rt_datax`, `rt_datay`, `rt_width`, `rt_height`, `rt_positions`, `rt_region_id`, `rt_table_in_restaurant_no`) VALUES ('4', '20', '40', '5', '5', '2', '1', '4');
INSERT INTO `isa_mrs_project`.`restaurant_tables` (`rt_id`, `rt_datax`, `rt_datay`, `rt_width`, `rt_height`, `rt_positions`, `rt_region_id`, `rt_table_in_restaurant_no`) VALUES ('5', '50', '20', '10', '5', '2', '2', '5');
INSERT INTO `isa_mrs_project`.`restaurant_tables` (`rt_id`, `rt_datax`, `rt_datay`, `rt_width`, `rt_height`, `rt_positions`, `rt_region_id`, `rt_table_in_restaurant_no`) VALUES ('6', '70', '40', '5', '10', '2', '2', '6');

INSERT INTO `isa_mrs_project`.`reservations` (`rs_id`, `rs_restaurant_id`, `rs_duration`, `rs_length`) VALUES ('1', '1', '2014-04-02 08:49:43', '5');

INSERT INTO `isa_mrs_project`.`reviews` (`rv_id`, `rv_info`, `rv_food_rate`, `rv_service_rate`, `rv_restaurant_rate`, `rv_guest_id`, `rv_reservation_id`) VALUES ('1', 'Neki komentar...', '4', '3', '3', '1', '1');
INSERT INTO `isa_mrs_project`.`reviews` (`rv_id`, `rv_info`, `rv_food_rate`, `rv_service_rate`, `rv_restaurant_rate`, `rv_guest_id`, `rv_reservation_id`) VALUES ('2', 'Drugi komentar...', '4', '3', '3', '1', '1');
INSERT INTO `isa_mrs_project`.`reviews` (`rv_id`, `rv_info`, `rv_food_rate`, `rv_service_rate`, `rv_restaurant_rate`, `rv_guest_id`, `rv_reservation_id`) VALUES ('3', 'Treci komentar...', '4', '3', '5', '1', '1');


INSERT INTO `isa_mrs_project`.`daily_schedules` (`ds_id`, `ds_day`, `ds_employee_id`, `ds_region_id`, `ds_restaurant_id`, `ds_start_h`, `ds_start_m`, `ds_end_h`, `ds_end_m`, `ds_merged_start`, `ds_merged_end`) VALUES ('1', '2016-05-17', '6', '1', '2', '7', '30', '14', '0', '2016-05-17 07:30:00', '2016-05-17 14:00:00');
INSERT INTO `isa_mrs_project`.`daily_schedules` (`ds_id`, `ds_day`, `ds_employee_id`, `ds_region_id`, `ds_restaurant_id`, `ds_start_h`, `ds_start_m`, `ds_end_h`, `ds_end_m`, `ds_merged_start`, `ds_merged_end`) VALUES ('2', '2016-05-17', '7', '1', '2', '7', '30', '14', '0', '2016-05-17 07:30:00', '2016-05-17 14:00:00');
INSERT INTO `isa_mrs_project`.`daily_schedules` (`ds_id`, `ds_day`, `ds_employee_id`, `ds_region_id`, `ds_restaurant_id`, `ds_start_h`, `ds_start_m`, `ds_end_h`, `ds_end_m`, `ds_merged_start`, `ds_merged_end`) VALUES ('3', '2016-05-17', '8', '1', '2', '7', '30', '14', '0', '2016-05-17 07:30:00', '2016-05-17 14:00:00');


INSERT INTO `isa_mrs_project`.`frienships` (`fs_id`, `fs_first`, `fs_second`, `fs_status`) VALUES ('1', '1', '10', 'accepted');
INSERT INTO `isa_mrs_project`.`frienships` (`fs_id`, `fs_first`, `fs_second`, `fs_status`) VALUES ('2', '1', '11', 'accepted');
INSERT INTO `isa_mrs_project`.`frienships` (`fs_id`, `fs_first`, `fs_second`, `fs_status`) VALUES ('3', '1', '13', 'accepted');
INSERT INTO `isa_mrs_project`.`frienships` (`fs_id`, `fs_first`, `fs_second`, `fs_status`) VALUES ('4', '10', '13', 'accepted');
INSERT INTO `isa_mrs_project`.`frienships` (`fs_id`, `fs_first`, `fs_second`, `fs_status`) VALUES ('5', '10', '19', 'accepted');

INSERT INTO `isa_mrs_project`.`offer_requests` (`or_id`, `or_offer`, `or_deadline`, `or_status`, `or_restaurant_id`, `or_accepted_offer_id`) VALUES ('1', 'Potrebno je toga i toga...', '2016-06-15 08:49:43', 'created', '2', null);
INSERT INTO `isa_mrs_project`.`offer_requests` (`or_id`, `or_offer`, `or_deadline`, `or_status`, `or_restaurant_id`, `or_accepted_offer_id`) VALUES ('2', 'Potrebno je nama toga i toga... ', '2016-06-16 08:49:43', 'created', '2', null);
INSERT INTO `isa_mrs_project`.`provider_responses` (`pr_id`, `pr_price`, `pr_info`, `pr_status`, `pr_provider_id`, `pr_offer_id`) VALUES ('1', '1000', 'info', 'active', '4', '1');
INSERT INTO `isa_mrs_project`.`provider_responses` (`pr_id`, `pr_price`, `pr_info`, `pr_status`, `pr_provider_id`, `pr_offer_id`) VALUES ('3', '1000', 'info', 'active', '23', '2');
INSERT INTO `isa_mrs_project`.`provider_responses` (`pr_id`, `pr_price`, `pr_info`, `pr_status`, `pr_provider_id`, `pr_offer_id`) VALUES ('4', '1000', 'info', 'active', '24', '2');
INSERT INTO `isa_mrs_project`.`provider_responses` (`pr_id`, `pr_price`, `pr_info`, `pr_status`, `pr_provider_id`, `pr_offer_id`) VALUES ('5', '1000', 'info', 'active', '25', '2');
